Date,Year,Month,Day,Weekday,Week_Number,Year_Week,Open,High,Low,Close,Volume,Adj Close,Return,Short_MA,Long_MA,Classification
1/2/2018,2018,1,2,Tuesday,0,2018-00,99.3,99.79,98.52,98.59,10150500,93.57,-0.00162029,98.25571429,94.3734,GREEN
1/3/2018,2018,1,3,Wednesday,0,2018-00,98.85,100,98.77,99.45,8903600,94.38,0.008723001,98.45214286,94.6136,GREEN
1/4/2018,2018,1,4,Thursday,0,2018-00,99.54,99.78,98.91,99.54,6830400,94.47,0.000905017,98.57928571,94.8314,GREEN
1/5/2018,2018,1,5,Friday,0,2018-00,99.64,100.38,99.61,100.13,7284000,95.03,0.005927229,98.79357143,95.0744,GREEN
1/8/2018,2018,1,8,Monday,1,2018-01,100.25,101.75,100.21,101.61,8843900,96.43,0.014780819,99.115,95.337,RED
1/9/2018,2018,1,9,Tuesday,1,2018-01,102.03,102.35,100.31,100.39,7312700,95.27,-0.012006704,99.29285714,95.5724,RED
1/10/2018,2018,1,10,Wednesday,1,2018-01,99.75,99.89,98.53,99.67,7930400,94.59,-0.007172041,99.355,95.8024,RED
1/11/2018,2018,1,11,Thursday,1,2018-01,99.7,100.45,98.78,100.02,6537700,94.92,0.003511573,99.44571429,96.0638,RED
1/12/2018,2018,1,12,Friday,1,2018-01,100.39,101.44,100.3,100.87,6951200,95.73,0.008498362,99.64642857,96.335,RED
1/16/2018,2018,1,16,Tuesday,2,2018-02,101.34,101.91,100.34,100.69,7170700,95.56,-0.001784478,99.82357143,96.59,GREEN
1/17/2018,2018,1,17,Wednesday,2,2018-02,101.15,102.94,100.7,102.7,8681900,97.47,0.019962205,100.0764286,96.868,GREEN
1/18/2018,2018,1,18,Thursday,2,2018-02,104.74,104.94,103.62,104.3,12307900,98.98,0.015579417,100.4364286,97.1604,GREEN
1/19/2018,2018,1,19,Friday,2,2018-02,104.64,104.93,103.66,104.59,8378600,99.26,0.002780377,100.8071429,97.4782,GREEN
1/22/2018,2018,1,22,Monday,3,2018-03,104.5,105.45,104.04,105.45,7308300,100.08,0.00822259,101.2857143,97.8082,GREEN
1/23/2018,2018,1,23,Tuesday,3,2018-03,105.29,106.15,104.57,105.9,8287800,100.5,0.004267469,101.8078571,98.121,GREEN
1/24/2018,2018,1,24,Wednesday,3,2018-03,106.35,106.44,104.82,105.79,6823100,100.4,-0.001038722,102.2607143,98.4308,GREEN
1/25/2018,2018,1,25,Thursday,3,2018-03,105.85,106.81,105.85,106.6,5857100,101.17,0.007656655,102.765,98.7444,GREEN
1/26/2018,2018,1,26,Friday,3,2018-03,107,108.41,106.68,108.39,6786300,102.87,0.016791754,103.355,99.0924,GREEN
1/29/2018,2018,1,29,Monday,4,2018-04,108.11,109.98,107.99,109.55,8355200,103.97,0.010702128,103.9221429,99.4616,RED
1/30/2018,2018,1,30,Tuesday,4,2018-04,109.14,109.36,107.15,107.73,9180500,102.24,-0.016613415,104.4464286,99.8196,RED
1/31/2018,2018,1,31,Wednesday,4,2018-04,107.77,108.18,106.07,106.6,9812800,101.17,-0.010489231,104.9414286,99.9592,RED
2/1/2018,2018,2,1,Thursday,4,2018-04,105.96,106.56,105.18,105.52,6386800,100.14,-0.010131349,105.3342857,100.1202,RED
2/2/2018,2018,2,2,Friday,4,2018-04,105.15,106.47,104.15,104.48,9253100,99.15,-0.009855888,105.5921429,100.2602,RED
2/5/2018,2018,2,5,Monday,5,2018-05,103.4,104.61,97.09,100.09,12561600,94.99,-0.042017677,105.5492857,100.3316,RED
2/6/2018,2018,2,6,Tuesday,5,2018-05,97.64,101.08,97.25,100.9,16413800,95.76,0.008092769,105.4207143,100.4214,RED
2/7/2018,2018,2,7,Wednesday,5,2018-05,100.5,104.59,100.01,102.85,11165200,97.61,0.019326035,105.3171429,100.546,RED
2/8/2018,2018,2,8,Thursday,5,2018-05,103.23,103.48,100,100.02,13975100,94.92,-0.027515818,104.9907143,100.614,RED
2/9/2018,2018,2,9,Friday,5,2018-05,100.53,101.1,96.43,99.37,14184600,94.31,-0.006498639,104.5564286,100.666,RED
2/12/2018,2018,2,12,Monday,6,2018-06,100.13,100.45,98.8,99.55,9135100,94.48,0.001811415,104.1028571,100.7058,GREEN
2/13/2018,2018,2,13,Tuesday,6,2018-06,99.33,101.22,99.33,100.98,6622800,95.83,0.014364644,103.7592857,100.7808,GREEN
2/14/2018,2018,2,14,Wednesday,6,2018-06,100.86,102.25,100.21,101.7,7307600,96.52,0.007130061,103.4092857,100.8678,GREEN
2/15/2018,2018,2,15,Thursday,6,2018-06,102.55,103.64,101.83,103.23,7494900,97.97,0.015044311,103.0407143,100.9922,GREEN
2/16/2018,2018,2,16,Friday,6,2018-06,103.09,104.94,101.98,104.78,16064300,99.44,0.01501497,102.7,101.1312,GREEN
2/20/2018,2018,2,20,Tuesday,7,2018-07,96.99,97.94,94.1,94.11,52088500,89.31,-0.101832394,101.7271429,101.0678,RED
2/21/2018,2018,2,21,Wednesday,7,2018-07,95.11,95.34,91.24,91.52,49503700,86.86,-0.027521028,100.65,100.9626,RED
2/22/2018,2018,2,22,Thursday,7,2018-07,91.43,93.39,91.31,92.77,20365000,88.04,0.013658217,99.73928571,100.887,RED
2/23/2018,2018,2,23,Friday,7,2018-07,92.88,93.49,91.76,92.89,12791500,88.16,0.001293551,98.91142857,100.8062,RED
2/26/2018,2018,2,26,Monday,8,2018-08,92.9,93.8,92.22,93.12,14699300,88.37,0.002476083,98.41357143,100.7346,RED
2/27/2018,2018,2,27,Tuesday,8,2018-08,93.63,93.72,91.51,91.52,13376100,86.86,-0.017182196,97.74357143,100.6098,RED
2/28/2018,2018,2,28,Wednesday,8,2018-08,92,92.1,90,90.01,14143700,85.42,-0.016499066,96.82642857,100.4674,RED
3/1/2018,2018,3,1,Thursday,8,2018-08,90.17,90.18,87.71,89.08,18909600,84.54,-0.010332188,96.045,100.3068,RED
3/2/2018,2018,3,2,Friday,8,2018-08,87.27,88.9,87.24,88.77,19043400,84.25,-0.003480076,95.28785714,100.1242,RED
3/5/2018,2018,3,5,Monday,9,2018-09,88.14,90.5,88.07,89.98,13383200,85.39,0.013630807,94.60428571,99.9478,RED
3/6/2018,2018,3,6,Tuesday,9,2018-09,90.35,90.5,88.63,89.06,11054700,84.52,-0.010224558,93.75285714,99.754,RED
3/7/2018,2018,3,7,Wednesday,9,2018-09,87.98,88.53,87.34,87.74,11453000,83.27,-0.014821466,92.75571429,99.5476,RED
3/8/2018,2018,3,8,Thursday,9,2018-09,87.77,88.13,87.34,87.92,9588700,83.94,0.002051519,91.66214286,99.3418,RED
3/9/2018,2018,3,9,Friday,9,2018-09,88.24,88.72,87.53,88.72,9754400,84.7,0.009099216,90.515,99.133,RED
3/12/2018,2018,3,12,Monday,10,2018-10,88.7,89.44,87.88,88.07,8474000,84.08,-0.007326437,90.08357143,98.9092,RED
3/13/2018,2018,3,13,Tuesday,10,2018-10,88.39,88.9,87.98,88.3,7173000,84.3,0.002611597,89.85357143,98.6872,RED
3/14/2018,2018,3,14,Wednesday,10,2018-10,88.51,88.99,87.5,87.67,11040600,83.7,-0.007134823,89.48928571,98.4656,RED
3/15/2018,2018,3,15,Thursday,10,2018-10,87.68,88.79,85.9,87.51,16615200,83.54,-0.00182498,89.105,98.244,RED
3/16/2018,2018,3,16,Friday,10,2018-10,87.72,90.09,87.5,89.17,28396000,85.13,0.018969215,88.82285714,98.0384,RED
3/19/2018,2018,3,19,Monday,11,2018-11,88.91,89.08,87.1,87.45,12053400,83.49,-0.019289013,88.53214286,97.7966,RED
3/20/2018,2018,3,20,Tuesday,11,2018-11,87.86,88.15,87.37,87.95,8258000,83.97,0.005717553,88.385,97.553,RED
3/21/2018,2018,3,21,Wednesday,11,2018-11,87.89,89.68,87.68,88.18,11836000,84.18,0.00261516,88.32071429,97.2844,RED
3/22/2018,2018,3,22,Thursday,11,2018-11,87.53,88.27,86.99,87.14,12248200,83.19,-0.011794068,88.20428571,97.0194,RED
3/23/2018,2018,3,23,Friday,11,2018-11,87.35,87.69,85.28,85.42,10125100,81.55,-0.019738366,87.87857143,96.7344,RED
3/26/2018,2018,3,26,Monday,12,2018-12,86.22,87.69,86.11,87.5,9199800,83.54,0.024350291,87.76714286,96.484,RED
3/27/2018,2018,3,27,Tuesday,12,2018-12,87.96,88.04,85.48,86.05,6545800,82.15,-0.016571394,87.64642857,96.1876,RED
3/28/2018,2018,3,28,Wednesday,12,2018-12,86.26,88.24,86.19,87.77,11576300,83.79,0.019988304,87.63571429,95.9292,RED
3/29/2018,2018,3,29,Thursday,12,2018-12,87.9,89.34,87.77,88.97,9274600,84.94,0.01367215,87.65357143,95.6546,RED
4/2/2018,2018,4,2,Monday,13,2018-13,88,88.24,84.84,85.55,19128900,81.67,-0.038439902,87.47357143,95.2796,GREEN
4/3/2018,2018,4,3,Tuesday,13,2018-13,86.25,86.95,85.55,86.8,9695500,82.87,0.014611338,87.36642857,94.9238,GREEN
4/4/2018,2018,4,4,Wednesday,13,2018-13,85.6,87.5,85.44,87.22,6536600,83.27,0.004838688,87.33428571,94.5592,GREEN
4/5/2018,2018,4,5,Thursday,13,2018-13,87.6,88.35,87.05,87.81,6380900,83.83,0.006764461,87.35571429,94.1974,GREEN
4/6/2018,2018,4,6,Friday,13,2018-13,86.83,87.9,86.13,86.69,6350000,82.76,-0.012754756,87.17857143,93.8154,GREEN
4/9/2018,2018,4,9,Monday,14,2018-14,86.85,87.45,86.24,86.28,8368100,82.37,-0.004729538,87.095,93.409,RED
4/10/2018,2018,4,10,Tuesday,14,2018-14,86.84,87.1,85.66,86.45,9127400,82.53,0.001970308,86.98785714,92.9702,RED
4/11/2018,2018,4,11,Wednesday,14,2018-14,86,86.86,85.8,85.91,6279000,82.02,-0.006246308,86.82571429,92.4974,RED
4/12/2018,2018,4,12,Thursday,14,2018-14,86.19,86.83,85.41,85.43,6856300,81.56,-0.005587281,86.70357143,92.0514,RED
4/13/2018,2018,4,13,Friday,14,2018-14,85.89,86.27,85.19,86.02,7559200,82.12,0.006906196,86.74642857,91.6398,RED
4/16/2018,2018,4,16,Monday,15,2018-15,86.2,87.65,86.12,86.84,7020700,82.91,0.009532664,86.69928571,91.2662,GREEN
4/17/2018,2018,4,17,Tuesday,15,2018-15,87.48,88.17,87.41,87.9,6801900,83.92,0.012206417,86.83142857,90.9346,GREEN
4/18/2018,2018,4,18,Wednesday,15,2018-15,88.2,88.56,87.51,87.57,5854000,83.6,-0.003754287,86.81714286,90.6842,GREEN
4/19/2018,2018,4,19,Thursday,15,2018-15,87.41,88.04,86.58,87.89,6588300,83.91,0.003654216,86.74,90.424,GREEN
4/20/2018,2018,4,20,Friday,15,2018-15,87.87,88.38,86.67,86.98,8324900,83.04,-0.010353806,86.84214286,90.1066,GREEN
4/23/2018,2018,4,23,Monday,16,2018-16,86.89,87.08,86.02,86.1,7360500,82.2,-0.010117324,86.79214286,89.8282,GREEN
4/24/2018,2018,4,24,Tuesday,16,2018-16,86.77,86.91,85.57,86.53,8469700,82.61,0.004994196,86.74285714,89.5714,GREEN
4/25/2018,2018,4,25,Wednesday,16,2018-16,86.32,87.7,85.89,87.17,6760400,83.22,0.007396272,86.69714286,89.3238,GREEN
4/26/2018,2018,4,26,Thursday,16,2018-16,87.17,88.32,86.9,87.94,5782500,83.96,0.008833363,86.78642857,89.063,GREEN
4/27/2018,2018,4,27,Friday,16,2018-16,87.87,87.9,87.08,87.29,5651100,83.33,-0.00739142,86.85857143,88.7748,GREEN
4/30/2018,2018,4,30,Monday,17,2018-17,87.94,89.66,87.92,88.46,8685900,84.45,0.013403576,87.00214286,88.4794,RED
5/1/2018,2018,5,1,Tuesday,17,2018-17,87.67,88.01,86.35,87.41,6957700,83.45,-0.01186972,87.10928571,88.132,RED
5/2/2018,2018,5,2,Wednesday,17,2018-17,87.13,87.25,86.16,86.34,6083000,82.43,-0.012241246,87.17428571,87.9766,RED
5/3/2018,2018,5,3,Thursday,17,2018-17,86.19,86.29,85.12,86.23,6876100,82.32,-0.001273952,87.18928571,87.8708,RED
5/4/2018,2018,5,4,Friday,17,2018-17,86,88.1,85.36,87.53,6971500,83.56,0.015075906,87.23857143,87.766,RED
5/7/2018,2018,5,7,Monday,18,2018-18,87.49,87.5,85.27,85.47,10783600,81.6,-0.023534761,87.065,87.6176,RED
5/8/2018,2018,5,8,Tuesday,18,2018-18,85.52,85.85,84.92,85.74,6551400,81.86,0.003158964,86.93428571,87.47,RED
5/9/2018,2018,5,9,Wednesday,18,2018-18,82.56,83.68,82,83.06,32265200,79.3,-0.031257294,86.58928571,87.3008,RED
5/10/2018,2018,5,10,Thursday,18,2018-18,82.64,83.77,82.01,82.69,15857600,79.44,-0.004454552,86.28285714,87.1544,RED
5/11/2018,2018,5,11,Friday,18,2018-18,82.69,83.52,81.95,83.38,9934800,80.1,0.008344356,86.08857143,87.0404,RED
5/14/2018,2018,5,14,Monday,19,2018-19,83.89,84.79,83.65,84.39,9499200,81.07,0.012113243,85.93571429,86.9528,RED
5/15/2018,2018,5,15,Tuesday,19,2018-19,84.06,84.88,83.8,84.52,9322900,81.2,0.001540434,85.74642857,86.8436,RED
5/16/2018,2018,5,16,Wednesday,19,2018-19,84.87,86.13,84.74,86.13,13733600,82.75,0.019048754,85.61714286,86.785,RED
5/17/2018,2018,5,17,Thursday,19,2018-19,87.04,87.59,83.85,84.49,29720700,81.17,-0.019040978,85.41714286,86.72,RED
5/18/2018,2018,5,18,Friday,19,2018-19,84.24,84.44,83.49,83.64,12043100,80.35,-0.010060344,85.07285714,86.6344,RED
5/21/2018,2018,5,21,Monday,20,2018-20,84.14,84.54,83.82,84.51,10715700,81.19,0.010401755,84.86571429,86.5502,RED
5/22/2018,2018,5,22,Tuesday,20,2018-20,84.5,84.81,83.29,83.37,8067300,80.09,-0.01348952,84.65357143,86.4562,RED
5/23/2018,2018,5,23,Wednesday,20,2018-20,82.95,83.02,82.17,83.01,9399200,79.75,-0.004318107,84.42357143,86.3504,RED
5/24/2018,2018,5,24,Thursday,20,2018-20,83,83,81.78,82.85,8576200,79.59,-0.001927523,84.08928571,86.254,RED
5/25/2018,2018,5,25,Friday,20,2018-20,82.85,83.34,82.32,82.46,5913500,79.22,-0.004707295,83.87428571,86.153,RED
5/29/2018,2018,5,29,Tuesday,21,2018-21,81.96,82.52,81.81,82.4,8428200,79.16,-0.000727596,83.63571429,86.0176,RED
5/30/2018,2018,5,30,Wednesday,21,2018-21,82.45,84.23,82.26,84.12,9314100,80.81,0.020873801,83.71142857,85.951,RED
5/31/2018,2018,5,31,Thursday,21,2018-21,83.94,84.31,82.51,82.54,11468700,79.3,-0.018782713,83.70071429,85.8428,RED
6/1/2018,2018,6,1,Friday,21,2018-21,83.04,83.42,82.85,82.99,5237900,79.73,0.005451865,83.67285714,85.739,RED
6/4/2018,2018,6,4,Monday,22,2018-22,83.5,85.52,83.3,85.42,10922000,82.06,0.029280641,83.74642857,85.7046,RED
6/5/2018,2018,6,5,Tuesday,22,2018-22,85.45,85.47,84.25,84.62,8281400,81.29,-0.009365435,83.75357143,85.6886,RED
6/6/2018,2018,6,6,Wednesday,22,2018-22,84.95,85.15,84.35,84.56,7362800,81.24,-0.000709114,83.64142857,85.6298,RED
6/7/2018,2018,6,7,Thursday,22,2018-22,84.78,85.76,84.69,84.95,7705700,81.61,0.004612103,83.67428571,85.6078,RED
6/8/2018,2018,6,8,Friday,22,2018-22,84.78,85.19,84.14,84.36,7602400,81.05,-0.006945219,83.72571429,85.5396,RED
6/11/2018,2018,6,11,Monday,23,2018-23,84.41,84.54,83.79,84.3,6252300,80.99,-0.000711209,83.71071429,85.4462,RED
6/12/2018,2018,6,12,Tuesday,23,2018-23,84.32,84.59,83.47,84.1,8061700,80.8,-0.002372533,83.76285714,85.4172,RED
6/13/2018,2018,6,13,Wednesday,23,2018-23,83.89,84.37,83.85,84.09,6358400,80.79,-0.000118931,83.84,85.363,RED
6/14/2018,2018,6,14,Thursday,23,2018-23,84.22,84.81,83.67,83.79,7517400,80.5,-0.003567552,83.90714286,85.2944,RED
6/15/2018,2018,6,15,Friday,23,2018-23,83.5,83.99,83.06,83.7,12503000,80.41,-0.001074161,83.99571429,85.2122,RED
6/18/2018,2018,6,18,Monday,24,2018-24,83.05,83.57,82.82,83,8502300,79.74,-0.008363166,84.03857143,85.1384,GREEN
6/19/2018,2018,6,19,Tuesday,24,2018-24,82.6,83.62,82.37,83.61,9352500,80.32,0.007349405,84.00214286,85.085,GREEN
6/20/2018,2018,6,20,Wednesday,24,2018-24,83.71,83.82,83.16,83.61,7966600,80.32,0,84.07857143,85.0282,GREEN
6/21/2018,2018,6,21,Thursday,24,2018-24,83.4,84.55,82.9,84.21,8092000,80.9,0.007176157,84.16571429,84.9942,GREEN
6/22/2018,2018,6,22,Friday,24,2018-24,84.46,84.85,84.1,84.82,10813000,81.49,0.007243803,84.12285714,84.982,GREEN
6/25/2018,2018,6,25,Monday,25,2018-25,84.59,86.6,84.48,86.47,15939500,83.07,0.019452977,84.255,84.991,RED
6/26/2018,2018,6,26,Tuesday,25,2018-25,86.53,87.05,85.76,85.98,10126200,82.6,-0.00566668,84.35642857,84.9738,RED
6/27/2018,2018,6,27,Wednesday,25,2018-25,85.9,87.49,85.55,86.89,10299700,83.48,0.01058381,84.495,84.9536,RED
6/28/2018,2018,6,28,Thursday,25,2018-25,86.85,87.29,85.69,85.86,8467000,82.49,-0.011854054,84.60214286,84.9194,RED
6/29/2018,2018,6,29,Friday,25,2018-25,85.9,86.2,85.52,85.65,8255600,82.28,-0.002445831,84.69857143,84.8746,RED
7/2/2018,2018,7,2,Monday,26,2018-26,85.65,85.94,83.4,84,8125100,80.7,-0.019264466,84.69142857,84.815,GREEN
7/3/2018,2018,7,3,Tuesday,26,2018-26,84.09,85.05,84.09,84.44,4396200,81.12,0.005238124,84.71642857,84.7818,GREEN
7/5/2018,2018,7,5,Thursday,26,2018-26,84.94,85.58,84.27,84.57,5367500,81.25,0.001539522,84.77214286,84.7426,GREEN
7/6/2018,2018,7,6,Friday,26,2018-26,84.2,84.87,83.82,84.51,5613700,81.19,-0.000709443,84.83,84.6894,GREEN
7/9/2018,2018,7,9,Monday,27,2018-27,85,86.47,84.77,85.93,6575400,82.55,0.016802723,85.03928571,84.6492,RED
7/10/2018,2018,7,10,Tuesday,27,2018-27,85.93,87.33,85.88,87.21,6048400,83.78,0.014895831,85.29642857,84.6476,RED
7/11/2018,2018,7,11,Wednesday,27,2018-27,87.06,87.15,86.39,86.53,5595900,83.13,-0.007797275,85.505,84.609,RED
7/12/2018,2018,7,12,Thursday,27,2018-27,86.94,87.41,86.22,86.52,4888600,83.12,-0.000115592,85.67,84.5912,RED
7/13/2018,2018,7,13,Friday,27,2018-27,86.52,87.99,86.5,87.7,6388600,84.25,0.013638469,85.87571429,84.6184,RED
7/16/2018,2018,7,16,Monday,28,2018-28,87.62,87.72,86.83,87.64,4447200,84.2,-0.000684123,85.95928571,84.6466,RED
7/17/2018,2018,7,17,Tuesday,28,2018-28,87.4,88.7,87.4,88.19,5911500,84.72,0.006275708,86.11714286,84.6598,RED
7/18/2018,2018,7,18,Wednesday,28,2018-28,88.33,89.19,87.94,88.07,5045500,84.61,-0.00136073,86.20142857,84.7118,RED
7/19/2018,2018,7,19,Thursday,28,2018-28,87.86,88.48,87.41,87.72,4883100,84.27,-0.003974094,86.33428571,84.7514,RED
7/20/2018,2018,7,20,Friday,28,2018-28,87.4,88.17,87.2,88.06,4815100,84.6,0.003875927,86.50642857,84.8514,RED
7/23/2018,2018,7,23,Monday,29,2018-29,87.65,88.15,87.38,87.63,4150000,84.19,-0.004883038,86.76571429,84.9502,GREEN
7/24/2018,2018,7,24,Tuesday,29,2018-29,88.12,88.5,87.61,87.96,5589500,84.5,0.003765855,87.01714286,85.0418,GREEN
7/25/2018,2018,7,25,Wednesday,29,2018-29,87.27,88.02,87.11,87.9,5809100,84.45,-0.0006821,87.255,85.112,GREEN
7/26/2018,2018,7,26,Thursday,29,2018-29,88.5,89.43,88.18,88.23,6548300,84.76,0.003754287,87.52071429,85.1862,GREEN
7/27/2018,2018,7,27,Friday,29,2018-29,88.64,88.88,88.03,88.13,4679400,84.67,-0.00113347,87.67785714,85.2262,GREEN
7/30/2018,2018,7,30,Monday,30,2018-30,88,88.94,87.89,88.88,6010700,85.39,0.008510156,87.79714286,85.314,RED
7/31/2018,2018,7,31,Tuesday,30,2018-30,89,89.66,88.8,89.23,6708100,85.72,0.003937963,87.99,85.4258,RED
8/1/2018,2018,8,1,Wednesday,30,2018-30,88.86,89.13,87.88,88.24,5050000,84.77,-0.011094984,88.11285714,85.5004,RED
8/2/2018,2018,8,2,Thursday,30,2018-30,87.94,88.84,87.62,88.76,4306100,85.27,0.005893068,88.18857143,85.6082,RED
8/3/2018,2018,8,3,Friday,30,2018-30,89.19,90.28,89,89.6,5747200,86.08,0.009463681,88.32857143,85.74,RED
8/6/2018,2018,8,6,Monday,31,2018-31,89.31,89.98,89.13,89.67,4651600,86.15,0.000781247,88.43428571,85.8764,RED
8/7/2018,2018,8,7,Tuesday,31,2018-31,89.83,90.36,89.65,89.77,4526700,86.24,0.001115183,88.55571429,86.0226,RED
8/8/2018,2018,8,8,Wednesday,31,2018-31,89.97,90.23,89.37,90.05,5041100,86.51,0.003119154,88.72214286,86.1756,RED
8/9/2018,2018,8,9,Thursday,31,2018-31,89.46,89.63,88.76,89.01,4727900,86.01,-0.011549149,88.79,86.2734,RED
8/10/2018,2018,8,10,Friday,31,2018-31,88.7,90.37,88.65,90.18,8244900,87.14,0.01314457,88.97214286,86.4262,RED
8/13/2018,2018,8,13,Monday,32,2018-32,90.2,90.54,89.37,89.64,5879200,86.62,-0.005988034,89.09214286,86.5592,GREEN
8/14/2018,2018,8,14,Tuesday,32,2018-32,89.64,91.12,89.63,90.85,5836800,87.79,0.013498428,89.30285714,86.6678,GREEN
8/15/2018,2018,8,15,Wednesday,32,2018-32,90.25,90.41,89.67,90.22,8616900,87.18,-0.006934477,89.445,86.7798,GREEN
8/16/2018,2018,8,16,Thursday,32,2018-32,100.11,100.21,97.91,98.64,42631300,95.31,0.0933274,90.19571429,87.0614,GREEN
8/17/2018,2018,8,17,Friday,32,2018-32,97.77,99.67,97.61,97.85,16463300,94.55,-0.008008931,90.83642857,87.3194,GREEN
8/20/2018,2018,8,20,Monday,33,2018-33,97.67,98.29,95.95,96,12679300,92.76,-0.018906474,91.32,87.5522,RED
8/21/2018,2018,8,21,Tuesday,33,2018-33,95.96,96.36,95.36,96.08,10531300,92.84,0.000833352,91.88,87.7878,RED
8/22/2018,2018,8,22,Wednesday,33,2018-33,96.2,96.85,95.23,95.67,7765700,92.44,-0.004267315,92.37357143,88.0192,RED
8/23/2018,2018,8,23,Thursday,33,2018-33,95.5,95.86,95.06,95.18,6096400,91.97,-0.005121751,92.77214286,88.241,RED
8/24/2018,2018,8,24,Friday,33,2018-33,95.09,95.66,94.35,94.95,8594300,91.75,-0.002416509,93.14928571,88.4642,RED
8/27/2018,2018,8,27,Monday,34,2018-34,95.26,95.61,94.29,94.54,7040300,91.35,-0.00431802,93.49,88.681,GREEN
8/28/2018,2018,8,28,Tuesday,34,2018-34,94.77,96.35,94.53,96.07,9983000,92.83,0.016183613,93.92,88.9424,GREEN
8/29/2018,2018,8,29,Wednesday,34,2018-34,96.28,96.83,95.53,95.64,7862800,92.42,-0.004475906,94.39357143,89.183,GREEN
8/30/2018,2018,8,30,Thursday,34,2018-34,95.5,96.5,95.45,96.1,7058700,92.86,0.004809694,94.81642857,89.4328,GREEN
8/31/2018,2018,8,31,Friday,34,2018-34,96.19,96.44,95.11,95.86,6324700,92.63,-0.002497376,95.26071429,89.6658,GREEN
9/4/2018,2018,9,4,Tuesday,35,2018-35,95.8,96.27,95.24,95.36,8280700,92.14,-0.00521594,95.58285714,89.8766,GREEN
9/5/2018,2018,9,5,Wednesday,35,2018-35,95.67,96.83,95.36,96.62,9474600,93.36,0.01321311,96.04,90.0796,GREEN
9/6/2018,2018,9,6,Thursday,35,2018-35,96.53,96.72,96.01,96.45,6150800,93.2,-0.00175953,95.88357143,90.289,GREEN
9/7/2018,2018,9,7,Friday,35,2018-35,95.8,96.48,95.64,95.83,6672400,92.6,-0.006428151,95.73928571,90.4678,GREEN
9/10/2018,2018,9,10,Monday,36,2018-36,96.11,97.19,96.09,96.9,8332600,93.63,0.011165602,95.80357143,90.6886,RED
9/11/2018,2018,9,11,Tuesday,36,2018-36,97.27,97.66,96.49,96.64,6463500,93.38,-0.002683201,95.84357143,90.9084,RED
9/12/2018,2018,9,12,Wednesday,36,2018-36,96.26,96.74,95.93,95.97,5900000,92.73,-0.006932928,95.865,91.1478,RED
9/13/2018,2018,9,13,Thursday,36,2018-36,95.32,95.62,94.91,95.12,7652900,91.91,-0.008856918,95.86071429,91.3614,RED
9/14/2018,2018,9,14,Friday,36,2018-36,94.53,94.84,94.35,94.59,6319400,91.4,-0.005571976,95.835,91.5618,RED
9/17/2018,2018,9,17,Monday,37,2018-37,94.75,95.48,94.37,94.82,5329800,91.62,0.002431582,95.855,91.768,RED
9/18/2018,2018,9,18,Tuesday,37,2018-37,94.46,95.59,94.15,95.43,6759800,92.21,0.006433248,95.80928571,91.958,RED
9/19/2018,2018,9,19,Wednesday,37,2018-37,95.57,95.89,94.88,95.24,5675100,92.03,-0.001991014,95.78071429,92.1186,RED
9/20/2018,2018,9,20,Thursday,37,2018-37,95.35,95.79,94.95,95.75,5552300,92.52,0.005354915,95.75571429,92.303,RED
9/21/2018,2018,9,21,Friday,37,2018-37,95.92,96.29,95.63,95.9,9530100,92.67,0.001566596,95.75857143,92.4906,RED
9/24/2018,2018,9,24,Monday,38,2018-38,95.44,96,94.86,94.92,5337000,91.72,-0.010219013,95.72714286,92.635,RED
9/25/2018,2018,9,25,Tuesday,38,2018-38,95.99,96.52,94.99,95.1,6193200,91.89,0.001896337,95.61857143,92.7842,RED
9/26/2018,2018,9,26,Wednesday,38,2018-38,95.1,95.59,94.52,94.59,5918600,91.4,-0.005362799,95.48571429,92.9122,RED
9/27/2018,2018,9,27,Thursday,38,2018-38,94.19,94.96,93.82,94.13,5363400,90.96,-0.004863084,95.36428571,93.0334,RED
9/28/2018,2018,9,28,Friday,38,2018-38,94.28,94.37,93.69,93.91,6306300,90.74,-0.002337125,95.15071429,93.1572,RED
10/1/2018,2018,10,1,Monday,39,2018-39,94.29,94.66,94.04,94.4,4994300,91.22,0.005217739,94.99071429,93.284,RED
10/2/2018,2018,10,2,Tuesday,39,2018-39,93.93,95.61,93.85,95.15,7754600,91.94,0.007944915,94.93214286,93.4344,RED
10/3/2018,2018,10,3,Wednesday,39,2018-39,95.5,95.54,94.04,94.07,6327400,90.9,-0.011350518,94.85714286,93.5566,RED
10/4/2018,2018,10,4,Thursday,39,2018-39,94.07,94.5,93.2,94.21,6045300,91.03,0.001488247,94.83,93.6828,RED
10/5/2018,2018,10,5,Friday,39,2018-39,93.86,94.19,92.89,93.31,6693400,90.16,-0.009553142,94.72214286,93.7844,RED
10/8/2018,2018,10,8,Monday,40,2018-40,93.25,94.93,93.02,94.69,5762600,91.5,0.014789464,94.66928571,93.9156,RED
10/9/2018,2018,10,9,Tuesday,40,2018-40,95.64,97.74,95.19,97.08,11598900,93.81,0.025240251,94.80071429,94.0796,RED
10/10/2018,2018,10,10,Wednesday,40,2018-40,96.6,97.85,95.7,95.76,9002800,92.53,-0.01359703,94.80142857,94.2102,RED
10/11/2018,2018,10,11,Thursday,40,2018-40,95.81,96.29,93.6,93.92,9926500,90.75,-0.019214744,94.66,94.3238,RED
10/12/2018,2018,10,12,Friday,40,2018-40,94.76,95.17,93.67,94.81,8553900,91.61,0.009476144,94.65214286,94.4448,RED
10/15/2018,2018,10,15,Monday,41,2018-41,94.5,94.99,93.82,93.82,8305500,90.66,-0.010441914,94.56071429,94.5292,GREEN
10/16/2018,2018,10,16,Tuesday,41,2018-41,94.7,96.07,94.34,95.81,11241700,92.58,0.021210807,94.64785714,94.652,GREEN
10/17/2018,2018,10,17,Wednesday,41,2018-41,95.18,96.62,94.9,96.56,9539400,93.3,0.007827993,94.82142857,94.7878,GREEN
10/18/2018,2018,10,18,Thursday,41,2018-41,96.4,97.25,95.74,96.17,11398400,92.93,-0.004038933,94.98285714,94.9102,GREEN
10/19/2018,2018,10,19,Friday,41,2018-41,96,97.65,96,97.15,8950700,93.87,0.010190323,95.17928571,95.073,GREEN
10/22/2018,2018,10,22,Monday,42,2018-42,97.34,97.58,96.74,97.14,7122900,93.86,-0.000102956,95.32142857,95.2122,RED
10/23/2018,2018,10,23,Tuesday,42,2018-42,96.5,97.99,96.11,97.8,9405800,94.5,0.006794355,95.58785714,95.3754,RED
10/24/2018,2018,10,24,Wednesday,42,2018-42,97.5,99.17,97.28,97.56,10364700,94.27,-0.002454044,95.82714286,95.5096,RED
10/25/2018,2018,10,25,Thursday,42,2018-42,98.01,99.48,97,99.18,10737100,95.84,0.016605195,96.24642857,95.6888,RED
10/26/2018,2018,10,26,Friday,42,2018-42,98.81,99.67,98.02,98.94,14925600,95.6,-0.002419821,96.55,95.6948,RED
10/29/2018,2018,10,29,Monday,43,2018-43,99.51,101.73,99.09,99.8,12706100,96.44,0.008692143,96.74428571,95.7338,RED
10/30/2018,2018,10,30,Tuesday,43,2018-43,100.21,102.6,100.06,102.42,12708500,98.97,0.026252455,97.22,95.8622,RED
10/31/2018,2018,10,31,Wednesday,43,2018-43,102.49,102.49,100.12,100.28,12354900,96.9,-0.020894351,97.67428571,95.9462,RED
11/1/2018,2018,11,1,Thursday,43,2018-43,99.96,101.17,99.72,100.58,7735100,97.19,0.002991654,98.08642857,96.0444,RED
11/2/2018,2018,11,2,Friday,43,2018-43,100.88,101.57,100.31,101.34,7303200,97.92,0.007556119,98.62357143,96.1676,RED
11/5/2018,2018,11,5,Monday,44,2018-44,101.19,103.17,100.63,102.91,7616800,99.44,0.015492475,99.13071429,96.3268,GREEN
11/6/2018,2018,11,6,Tuesday,44,2018-44,102.54,103.44,102.05,103.33,6368700,99.85,0.004081218,99.61428571,96.5026,GREEN
11/7/2018,2018,11,7,Wednesday,44,2018-44,103.66,104.47,103.05,104.32,8672600,100.8,0.009580933,100.1964286,96.6676,GREEN
11/8/2018,2018,11,8,Thursday,44,2018-44,104.33,105.26,104.03,104.88,5961400,101.34,0.005368075,100.7485714,96.8524,GREEN
11/9/2018,2018,11,9,Friday,44,2018-44,105,105.9,104.81,105.56,8450400,102,0.006483603,101.35,97.0416,GREEN
11/12/2018,2018,11,12,Monday,45,2018-45,105.5,106.21,103.65,103.87,8943100,100.37,-0.016009803,101.7835714,97.2018,RED
11/13/2018,2018,11,13,Tuesday,45,2018-45,103.67,104.15,102.54,102.94,7956700,99.47,-0.008953502,102.1678571,97.3534,RED
11/14/2018,2018,11,14,Wednesday,45,2018-45,103,103.15,101.01,101.53,10481900,98.11,-0.013697335,102.3357143,97.4516,RED
11/15/2018,2018,11,15,Thursday,45,2018-45,102.32,102.8,98.62,99.54,16082600,96.18,-0.019600097,102.3785714,97.5134,RED
11/16/2018,2018,11,16,Friday,45,2018-45,98.82,99.42,96.92,97.69,14235200,94.4,-0.018585478,102.2278571,97.5506,RED
11/19/2018,2018,11,19,Monday,46,2018-46,97.94,98.25,96.43,96.78,9214400,93.52,-0.009315218,101.825,97.5482,RED
11/20/2018,2018,11,20,Tuesday,46,2018-46,94.98,95.2,93.6,94.16,12620600,90.99,-0.027071659,101.3878571,97.4986,RED
11/21/2018,2018,11,21,Wednesday,46,2018-46,94.36,94.92,93.31,94.17,9350900,91,0.000106144,100.93,97.4626,RED
11/23/2018,2018,11,23,Friday,46,2018-46,94.13,95.55,94.13,95.1,4890000,91.89,0.00987576,100.4842857,97.4622,RED
11/26/2018,2018,11,26,Monday,47,2018-47,95.69,96.07,94.74,95.15,10034600,91.94,0.000525794,99.93,97.4734,GREEN
11/27/2018,2018,11,27,Tuesday,47,2018-47,94.99,95.54,94.41,95.04,9042300,91.84,-0.001156076,99.33785714,97.4778,GREEN
11/28/2018,2018,11,28,Wednesday,47,2018-47,95.45,97.62,95.05,97.46,10070800,94.17,0.025462943,98.84785714,97.5184,GREEN
11/29/2018,2018,11,29,Thursday,47,2018-47,97.02,97.83,96.74,97.29,6241300,94.01,-0.001744287,98.30571429,97.5594,GREEN
11/30/2018,2018,11,30,Friday,47,2018-47,97.4,98.43,97.07,97.65,10664000,94.36,0.003700284,97.74071429,97.5974,GREEN
12/3/2018,2018,12,3,Monday,48,2018-48,98.02,99.59,97.67,98.75,9082100,95.42,0.011264705,97.375,97.6544,RED
12/4/2018,2018,12,4,Tuesday,48,2018-48,98.25,98.96,95.61,95.81,10426300,92.58,-0.029772177,96.86571429,97.6722,RED
12/6/2018,2018,12,6,Thursday,48,2018-48,94.94,95.41,93.1,94.77,10367200,92.07,-0.010854827,96.38285714,97.6656,RED
12/7/2018,2018,12,7,Friday,48,2018-48,94.5,95.13,92.45,93.19,8496500,90.54,-0.016671882,95.92928571,97.6376,RED
12/10/2018,2018,12,10,Monday,49,2018-49,93.56,94.25,92.34,93.94,7276900,91.27,0.008048074,95.66142857,97.6338,RED
12/11/2018,2018,12,11,Tuesday,49,2018-49,94.25,94.49,93.25,93.85,6452500,91.18,-0.000958101,95.45214286,97.6326,RED
12/12/2018,2018,12,12,Wednesday,49,2018-49,94.3,94.3,93.06,93.11,9639200,90.46,-0.0078849,95.37714286,97.6068,RED
12/13/2018,2018,12,13,Thursday,49,2018-49,93.25,93.68,92.43,92.96,8042300,90.32,-0.001611014,95.29071429,97.563,RED
12/14/2018,2018,12,14,Friday,49,2018-49,92.05,92.56,91.57,91.85,11493600,89.24,-0.011940626,95.05857143,97.5186,RED
12/17/2018,2018,12,17,Monday,50,2018-50,91.22,92.01,90.16,90.77,9001800,88.19,-0.011758322,94.74571429,97.4498,RED
12/18/2018,2018,12,18,Tuesday,50,2018-50,90.8,91.26,90.28,91.08,9606700,88.49,0.003415283,94.46285714,97.4052,RED
12/19/2018,2018,12,19,Wednesday,50,2018-50,91.29,93,90.25,90.55,12231500,87.97,-0.005819047,93.96928571,97.3224,RED
12/20/2018,2018,12,20,Thursday,50,2018-50,90.11,90.11,86.14,87.28,16373800,84.8,-0.036112691,93.25428571,97.1264,RED
12/21/2018,2018,12,21,Friday,50,2018-50,86.87,89.47,86.8,87.13,14921500,84.65,-0.001718624,92.50285714,96.9538,RED
12/24/2018,2018,12,24,Monday,51,2018-51,86.54,87.57,85.78,85.82,6110300,83.38,-0.015034978,91.57928571,96.7918,GREEN
12/26/2018,2018,12,26,Wednesday,51,2018-51,86.42,90.42,86.3,90.41,10028300,87.84,0.053484083,91.19357143,96.7038,GREEN
12/27/2018,2018,12,27,Thursday,51,2018-51,89.75,91.61,88.44,91.59,9881500,88.98,0.013051572,90.96642857,96.6592,GREEN
12/28/2018,2018,12,28,Friday,51,2018-51,92.07,93.47,91.65,92.13,9874000,89.51,0.00589585,90.89071429,96.5856,GREEN
12/31/2018,2018,12,31,Monday,52,2018-52,92.67,93.39,92.25,93.15,7005800,90.5,0.011071359,90.83428571,96.5174,RED
1/2/2019,2019,1,2,Wednesday,0,2019-00,91.64,93.65,91.64,93.34,8152700,90.69,0.002039665,90.79785714,96.4608,RED
1/3/2019,2019,1,3,Thursday,0,2019-00,93.21,94.71,92.7,92.86,8277300,90.22,-0.005142444,90.78,96.375,RED
1/4/2019,2019,1,4,Friday,0,2019-00,93.21,93.66,92.69,93.44,8029100,90.78,0.006245981,90.81428571,96.301,RED
1/7/2019,2019,1,7,Monday,1,2019-01,93.62,95.17,93.18,94.54,7789700,91.85,0.011772244,91.00642857,96.2358,RED
1/8/2019,2019,1,8,Tuesday,1,2019-01,95.06,95.76,93.91,95.2,7200900,92.49,0.00698113,91.32285714,96.1886,RED
1/9/2019,2019,1,9,Wednesday,1,2019-01,95.71,96.14,94.77,94.89,6272300,92.19,-0.003256277,91.595,96.1028,RED
1/10/2019,2019,1,10,Thursday,1,2019-01,93.88,94.98,93.12,94.96,9396300,92.26,0.000737693,91.91,96.0232,RED
1/11/2019,2019,1,11,Friday,1,2019-01,94.99,95.29,94.55,94.84,5394600,92.14,-0.001263719,92.45,95.924,RED
1/14/2019,2019,1,14,Monday,2,2019-02,94.48,95.45,94.28,94.95,7085100,92.25,0.001159855,93.00857143,95.7746,GREEN
1/15/2019,2019,1,15,Tuesday,2,2019-02,95.47,96.6,95.38,96.25,7058200,93.51,0.013691449,93.75357143,95.694,GREEN
1/16/2019,2019,1,16,Wednesday,2,2019-02,95.93,96.86,95.83,96.35,5410000,93.61,0.001038945,94.17785714,95.6094,GREEN
1/17/2019,2019,1,17,Thursday,2,2019-02,96.32,97.21,96.16,96.74,5614500,93.99,0.004047736,94.54571429,95.5174,GREEN
1/18/2019,2019,1,18,Friday,2,2019-02,96.95,98.2,96.85,97.73,6120600,94.95,0.010233673,94.94571429,95.4138,GREEN
1/22/2019,2019,1,22,Tuesday,3,2019-03,97.15,98.43,96.78,97.49,8063200,94.72,-0.002455802,95.25571429,95.297,RED
1/23/2019,2019,1,23,Wednesday,3,2019-03,98.87,99.35,97.53,98.71,8345800,95.9,0.012514117,95.63928571,95.1848,RED
1/24/2019,2019,1,24,Thursday,3,2019-03,98.2,98.46,96.43,98.36,7609700,95.56,-0.003545725,96.03214286,95.0544,RED
1/25/2019,2019,1,25,Friday,3,2019-03,98.75,98.91,96.75,96.94,7218200,94.18,-0.014436744,96.28214286,94.882,RED
1/28/2019,2019,1,28,Monday,4,2019-04,96.53,97.07,96.08,97.06,5875800,94.3,0.001237829,96.46214286,94.7458,RED
1/29/2019,2019,1,29,Tuesday,4,2019-04,96.77,97.16,96.51,96.71,5253400,93.96,-0.003606001,96.57,94.6212,RED
1/30/2019,2019,1,30,Wednesday,4,2019-04,96.68,96.8,94.26,94.8,11849300,92.1,-0.019749727,96.56357143,94.4866,RED
1/31/2019,2019,1,31,Thursday,4,2019-04,94.63,96.87,94.63,95.83,14723000,93.1,0.010864966,96.62571429,94.4124,RED
2/1/2019,2019,2,1,Friday,4,2019-04,95.92,96,93.11,93.86,12591900,91.19,-0.020557249,96.55571429,94.3358,RED
2/4/2019,2019,2,4,Monday,5,2019-05,93.86,94.77,93.35,94.77,7268600,92.07,0.009695249,96.54285714,94.2956,GREEN
2/5/2019,2019,2,5,Tuesday,5,2019-05,95.25,95.94,95.02,95.6,6099900,92.88,0.008758065,96.49642857,94.3244,GREEN
2/6/2019,2019,2,6,Wednesday,5,2019-05,95.43,96.01,95.22,95.64,4264900,92.92,0.00041842,96.44571429,94.3538,GREEN
2/7/2019,2019,2,7,Thursday,5,2019-05,95.11,96.82,95,96.73,7010100,93.98,0.011396947,96.445,94.3864,GREEN
2/8/2019,2019,2,8,Friday,5,2019-05,96.34,96.69,95.14,95.58,6169200,92.86,-0.011888778,96.29142857,94.395,GREEN
2/11/2019,2019,2,11,Monday,6,2019-06,95.65,96.35,95.64,96.2,5542800,93.46,0.006486661,96.19928571,94.4182,GREEN
2/12/2019,2019,2,12,Tuesday,6,2019-06,96.82,97.17,96.5,96.97,5881300,94.21,0.008004203,96.075,94.4084,GREEN
2/13/2019,2019,2,13,Wednesday,6,2019-06,97.3,98,97.09,97.94,5458500,95.15,0.010003106,96.045,94.4214,GREEN
2/14/2019,2019,2,14,Thursday,6,2019-06,97.68,99.2,97.02,98.52,7200800,95.72,0.005921934,96.15785714,94.4388,GREEN
2/15/2019,2019,2,15,Friday,6,2019-06,98.98,100,98.86,99.99,9481000,97.15,0.014920841,96.36714286,94.4636,GREEN
2/19/2019,2019,2,19,Tuesday,7,2019-07,102.38,104.18,102.07,102.2,20697300,99.29,0.022102202,96.75928571,94.5914,RED
2/20/2019,2019,2,20,Wednesday,7,2019-07,101.81,102.34,98.65,99.88,17631800,97.04,-0.022700585,97.12214286,94.6936,RED
2/21/2019,2019,2,21,Thursday,7,2019-07,99.66,99.92,98.91,99.39,6413200,96.56,-0.004905866,97.37642857,94.8176,RED
2/22/2019,2019,2,22,Friday,7,2019-07,99.82,100.16,99.14,99.55,8086900,96.72,0.001609857,97.78285714,94.9298,RED
2/25/2019,2019,2,25,Monday,8,2019-08,100.12,100.13,99.05,99.12,9235000,96.3,-0.00431944,98.09357143,95.0352,RED
2/26/2019,2019,2,26,Tuesday,8,2019-08,99.02,99.06,97.87,98.69,8488100,95.88,-0.004338179,98.31428571,95.1468,RED
2/27/2019,2019,2,27,Wednesday,8,2019-08,98.12,98.39,97.59,98.11,7902300,95.32,-0.005877007,98.49071429,95.2498,RED
2/28/2019,2019,2,28,Thursday,8,2019-08,98.11,99.47,97.77,98.99,11375900,96.17,0.008969496,98.65214286,95.3926,RED
3/1/2019,2019,3,1,Friday,8,2019-08,99.47,99.56,97.12,97.93,10352500,95.14,-0.010708128,98.82,95.5358,RED
3/4/2019,2019,3,4,Monday,9,2019-09,98.12,98.59,97.37,97.85,7683800,95.07,-0.000816929,98.93785714,95.6712,RED
3/5/2019,2019,3,5,Tuesday,9,2019-09,98.13,99.19,98.09,98.34,6119300,95.54,0.005007643,99.03571429,95.827,RED
3/6/2019,2019,3,6,Wednesday,9,2019-09,98.27,99,97.86,98.26,4696600,95.47,-0.000813445,99.05857143,96.0466,RED
3/7/2019,2019,3,7,Thursday,9,2019-09,97.71,98.2,97.24,97.45,6126600,94.68,-0.008243488,98.98214286,96.253,RED
3/8/2019,2019,3,8,Friday,9,2019-09,97.55,98.42,97,97.59,5659000,94.81,0.001436628,98.81071429,96.4884,RED
3/11/2019,2019,3,11,Monday,10,2019-10,98.04,98.58,97.82,98.48,5345300,95.68,0.009119859,98.545,96.6498,RED
3/12/2019,2019,3,12,Tuesday,10,2019-10,98.53,98.74,98.05,98.37,5070500,95.57,-0.001116984,98.43714286,96.7854,RED
3/13/2019,2019,3,13,Wednesday,10,2019-10,98.7,99.35,98.39,99.03,5482300,96.21,0.006709322,98.41142857,96.9234,RED
3/14/2019,2019,3,14,Thursday,10,2019-10,98.41,98.43,97.59,98.22,4925800,95.94,-0.008179315,98.31642857,97.0248,RED
3/15/2019,2019,3,15,Friday,10,2019-10,98.28,98.51,97.6,98.42,14600000,96.14,0.002036214,98.26642857,97.1264,RED
3/18/2019,2019,3,18,Monday,11,2019-11,98.3,99.77,98.26,99.66,5770100,97.35,0.012599121,98.33571429,97.2624,RED
3/19/2019,2019,3,19,Tuesday,11,2019-11,99.99,100.49,99.57,99.85,5414400,97.53,0.00190643,98.46,97.3906,RED
3/20/2019,2019,3,20,Wednesday,11,2019-11,99.2,99.55,98.54,98.64,6323100,96.35,-0.012118168,98.435,97.4726,RED
3/21/2019,2019,3,21,Thursday,11,2019-11,98.25,99.13,98.1,99.06,6551000,96.76,0.004257889,98.51571429,97.5498,RED
3/22/2019,2019,3,22,Friday,11,2019-11,98.58,99.53,97.94,98.28,6708100,96,-0.007874004,98.54642857,97.6176,RED
3/25/2019,2019,3,25,Monday,12,2019-12,97.8,98.62,97.63,98.17,5407400,95.89,-0.001119257,98.53428571,97.6818,RED
3/26/2019,2019,3,26,Tuesday,12,2019-12,98.36,98.85,98.03,98.32,4945900,96.04,0.001527977,98.53857143,97.7514,RED
3/27/2019,2019,3,27,Wednesday,12,2019-12,98.14,98.86,95,97.21,8471200,94.95,-0.011289673,98.52142857,97.7966,RED
3/28/2019,2019,3,28,Thursday,12,2019-12,97.59,97.87,96.53,97.13,8054300,94.88,-0.000822979,98.48857143,97.8142,RED
3/29/2019,2019,3,29,Friday,12,2019-12,97.59,97.67,97.04,97.53,7439900,95.27,0.004118208,98.42071429,97.8378,RED
4/1/2019,2019,4,1,Monday,13,2019-13,97.97,98.36,97.56,97.82,8505800,95.55,0.002973453,98.38142857,97.8594,RED
4/2/2019,2019,4,2,Tuesday,13,2019-13,97.76,98.31,96.9,96.94,6274000,94.69,-0.008996087,98.23214286,97.8436,RED
4/3/2019,2019,4,3,Wednesday,13,2019-13,97.12,97.4,96.79,97.19,5687500,94.93,0.002578915,98.15857143,97.8376,RED
4/4/2019,2019,4,4,Thursday,13,2019-13,97.25,98.28,97.24,98.11,4026300,95.83,0.009465975,98.13642857,97.8256,RED
4/5/2019,2019,4,5,Friday,13,2019-13,98.25,99.2,98.16,98.83,4656000,96.54,0.007338714,98.07714286,97.835,RED
4/8/2019,2019,4,8,Monday,14,2019-14,98.45,99.25,98.26,99.23,5422400,96.93,0.004047369,98.03285714,97.8808,RED
4/9/2019,2019,4,9,Tuesday,14,2019-14,98.8,99.23,98.15,98.69,4367500,96.4,-0.005441912,98.03642857,97.9134,RED
4/10/2019,2019,4,10,Wednesday,14,2019-14,98.51,99.72,98.5,99.6,4091100,97.29,0.009220752,98.075,97.9712,RED
4/11/2019,2019,4,11,Thursday,14,2019-14,99.7,100.83,99.47,100.8,5606900,98.46,0.012048239,98.255,98.0912,RED
4/12/2019,2019,4,12,Friday,14,2019-14,101,102.02,101,101.56,5162000,99.2,0.007539628,98.49714286,98.2058,RED
4/15/2019,2019,4,15,Monday,15,2019-15,101.3,102.91,101.26,102.43,5111900,100.05,0.008566392,98.79071429,98.3772,GREEN
4/16/2019,2019,4,16,Tuesday,15,2019-15,102.89,103.39,102.54,102.93,4828400,100.54,0.004881382,99.19928571,98.5404,GREEN
4/17/2019,2019,4,17,Wednesday,15,2019-15,103,103.4,102.41,103.16,3729200,100.77,0.002234561,99.63,98.6916,GREEN
4/18/2019,2019,4,18,Thursday,15,2019-15,103.11,103.8,102.89,103.18,3727800,100.78,0.000193841,100.0335714,98.8424,GREEN
4/22/2019,2019,4,22,Monday,16,2019-16,102.78,103.54,102.17,102.37,5079400,99.99,-0.007850335,100.3585714,98.9552,RED
4/23/2019,2019,4,23,Tuesday,16,2019-16,102.53,103.29,101.94,103.07,5050800,100.68,0.006837911,100.7964286,99.105,RED
4/24/2019,2019,4,24,Wednesday,16,2019-16,103.14,103.85,103.09,103.53,4697800,101.13,0.004462977,101.2492857,99.2516,RED
4/25/2019,2019,4,25,Thursday,16,2019-16,103.24,104.15,102.83,103.52,3961100,101.12,-9.66E-05,101.6357143,99.3826,RED
4/26/2019,2019,4,26,Friday,16,2019-16,100.45,102.34,99.66,101.53,8107700,99.17,-0.019223318,101.8285714,99.4544,RED
4/29/2019,2019,4,29,Monday,17,2019-17,101.88,102,100.78,101.56,6379700,99.2,0.000295467,101.995,99.5152,RED
4/30/2019,2019,4,30,Tuesday,17,2019-17,101.77,102.92,101.45,102.84,6133600,100.45,0.012603375,102.2914286,99.5722,RED
5/1/2019,2019,5,1,Wednesday,17,2019-17,102.77,102.81,101.28,101.36,5337200,99.01,-0.014391246,102.4171429,99.5554,RED
5/2/2019,2019,5,2,Thursday,17,2019-17,101.43,102.06,100.24,101.15,5007000,98.8,-0.002071814,102.4421429,99.5808,RED
5/3/2019,2019,5,3,Friday,17,2019-17,102.32,102.75,101.8,102.08,5316900,99.71,0.009194269,102.4792857,99.6346,RED
5/6/2019,2019,5,6,Monday,18,2019-18,100.75,102.55,100.54,102.46,4613700,100.08,0.003722544,102.4814286,99.6928,RED
5/7/2019,2019,5,7,Tuesday,18,2019-18,101.8,102.17,100.76,101.3,4575600,98.95,-0.011321453,102.365,99.7364,RED
5/8/2019,2019,5,8,Wednesday,18,2019-18,100.25,101.04,99.86,100.3,5882000,97.97,-0.009871668,102.1607143,99.7686,RED
5/9/2019,2019,5,9,Thursday,18,2019-18,99.27,99.94,98.85,99.54,6240100,97.75,-0.007577289,101.9007143,99.7972,RED
5/10/2019,2019,5,10,Friday,18,2019-18,99.76,102.11,99.7,101.91,8742700,100.07,0.023809551,101.8678571,99.8556,RED
5/13/2019,2019,5,13,Monday,19,2019-19,100.45,101.15,99.01,99.89,7361500,98.09,-0.019821452,101.6407143,99.8948,GREEN
5/14/2019,2019,5,14,Tuesday,19,2019-19,100.14,100.87,99.89,100.29,6353700,98.48,0.00400442,101.4092857,99.9436,GREEN
5/15/2019,2019,5,15,Wednesday,19,2019-19,100.2,100.36,99.13,99.88,6740300,98.08,-0.004088181,101.1492857,99.9744,GREEN
5/16/2019,2019,5,16,Thursday,19,2019-19,102.83,103.96,100.84,101.31,17122000,99.48,0.014317184,101.1335714,100.0354,GREEN
5/17/2019,2019,5,17,Friday,19,2019-19,100.24,101.95,99.91,100.86,12371300,99.04,-0.004441782,101.0835714,100.1036,GREEN
5/20/2019,2019,5,20,Monday,20,2019-20,100.39,101.98,100.25,101.52,7194100,99.69,0.006543685,100.9892857,100.1822,RED
5/21/2019,2019,5,21,Tuesday,20,2019-20,101.51,101.65,100.4,101.12,6889100,99.3,-0.00394005,100.9721429,100.235,RED
5/22/2019,2019,5,22,Wednesday,20,2019-20,101.6,102.43,101.06,102.23,7340900,100.39,0.010977063,101.0492857,100.3122,RED
5/23/2019,2019,5,23,Thursday,20,2019-20,101.82,101.93,100.65,101.86,6454600,100.02,-0.003619317,101.0335714,100.3688,RED
5/24/2019,2019,5,24,Friday,20,2019-20,102.18,102.89,102.08,102.67,4483200,100.82,0.007952067,101.0485714,100.4578,RED
5/28/2019,2019,5,28,Tuesday,21,2019-21,102.56,103.57,102.4,102.42,10271700,100.57,-0.002434986,101.1285714,100.5378,RED
5/29/2019,2019,5,29,Wednesday,21,2019-21,102.11,102.88,101.47,102.12,6520200,100.28,-0.002929071,101.2585714,100.587,RED
5/30/2019,2019,5,30,Thursday,21,2019-21,102.49,103.49,101.91,102.19,5019600,100.35,0.000685465,101.4478571,100.6338,RED
5/31/2019,2019,5,31,Friday,21,2019-21,101.35,102.02,100.6,101.44,5927500,99.61,-0.00733927,101.4142857,100.6898,RED
6/3/2019,2019,6,3,Monday,22,2019-22,101.63,102.68,101.4,101.96,6614700,100.12,0.00512615,101.5621429,100.7478,GREEN
6/4/2019,2019,6,4,Tuesday,22,2019-22,102.61,102.65,101.44,102.56,5964900,100.71,0.005884646,101.7242857,100.8334,GREEN
6/5/2019,2019,6,5,Wednesday,22,2019-22,102.75,104.78,102.6,104.42,6902900,102.54,0.018135732,102.0485714,100.9584,GREEN
6/6/2019,2019,6,6,Thursday,22,2019-22,104.49,105.66,104.2,105.11,8063700,103.22,0.006607953,102.32,101.0942,GREEN
6/7/2019,2019,6,7,Friday,22,2019-22,105.23,106.36,105.05,106.06,6809400,104.15,0.009038121,102.6914286,101.2712,GREEN
6/10/2019,2019,6,10,Monday,23,2019-23,106.48,107.78,106.37,107.52,6325700,105.58,0.013765785,103.12,101.479,GREEN
6/11/2019,2019,6,11,Tuesday,23,2019-23,108,108.97,107.75,107.94,6747300,105.99,0.003906304,103.6071429,101.6872,GREEN
6/12/2019,2019,6,12,Wednesday,23,2019-23,107.92,108.91,107.92,108.82,4634500,106.86,0.008152652,104.0778571,101.9072,GREEN
6/13/2019,2019,6,13,Thursday,23,2019-23,109,109.58,108.17,108.65,5485000,106.69,-0.001562196,104.5628571,102.1414,GREEN
6/14/2019,2019,6,14,Friday,23,2019-23,108.78,109.59,108.46,109.07,4525900,107.1,0.003865607,105.02,102.379,GREEN
6/17/2019,2019,6,17,Monday,24,2019-24,109.12,109.55,108.26,109.16,4147000,107.19,0.000825195,105.5014286,102.6,GREEN
6/18/2019,2019,6,18,Tuesday,24,2019-24,109.8,109.96,108.91,109.65,4911200,107.67,0.004488804,106.0392857,102.8164,GREEN
6/19/2019,2019,6,19,Wednesday,24,2019-24,109.8,109.84,108.87,109.62,3924600,107.64,-0.000273587,106.57,103.0242,GREEN
6/20/2019,2019,6,20,Thursday,24,2019-24,109.82,110.49,109.28,110.32,5001500,108.33,0.006385668,107.2042857,103.2568,GREEN
6/21/2019,2019,6,21,Friday,24,2019-24,110.34,112.19,110.26,111.13,13178600,109.13,0.007342255,107.8592857,103.4874,GREEN
6/24/2019,2019,6,24,Monday,25,2019-25,111.49,112.22,111.03,111.24,6032800,109.23,0.000989837,108.4792857,103.6962,RED
6/25/2019,2019,6,25,Tuesday,25,2019-25,110.88,111.43,110.4,110.72,6105000,108.72,-0.004674547,108.9292857,103.8794,RED
6/26/2019,2019,6,26,Wednesday,25,2019-25,110.85,111.08,110.1,110.16,4161700,108.17,-0.005057781,109.29,104.034,RED
6/27/2019,2019,6,27,Thursday,25,2019-25,110.06,110.51,108.86,110.1,5481300,108.12,-0.000544709,109.5785714,104.1774,RED
6/28/2019,2019,6,28,Friday,25,2019-25,110.55,111.51,110.24,110.49,6506700,108.5,0.003542229,109.7907143,104.324,RED
7/1/2019,2019,7,1,Monday,26,2019-26,111.3,111.97,110.02,110.62,5514700,108.63,0.001176621,109.9821429,104.4728,GREEN
7/2/2019,2019,7,2,Tuesday,26,2019-26,110.83,111.61,110.34,111.6,4062900,109.59,0.008859119,110.1807143,104.6574,GREEN
7/3/2019,2019,7,3,Wednesday,26,2019-26,111.18,112.4,111,112.32,3207300,110.3,0.006451624,110.4428571,104.8424,GREEN
7/5/2019,2019,7,5,Friday,26,2019-26,112,112.24,111.21,111.98,3579400,109.96,-0.003027033,110.6507143,105.0114,GREEN
7/8/2019,2019,7,8,Monday,27,2019-27,111.92,112.93,111.7,112.72,4715700,110.69,0.006608304,110.905,105.1954,GREEN
7/9/2019,2019,7,9,Tuesday,27,2019-27,112.89,113.38,112.6,112.88,5423400,110.85,0.001419411,111.1357143,105.4224,GREEN
7/10/2019,2019,7,10,Wednesday,27,2019-27,113.12,113.61,112.39,112.98,4579000,110.94,0.000885951,111.3757143,105.6508,GREEN
7/11/2019,2019,7,11,Thursday,27,2019-27,113.34,113.94,113.02,113.92,3896600,111.87,0.00832001,111.6328571,105.8724,GREEN
7/12/2019,2019,7,12,Friday,27,2019-27,114.09,114.77,113.62,114.6,3743300,112.53,0.005969104,111.8807143,106.1372,GREEN
7/15/2019,2019,7,15,Monday,28,2019-28,114.67,115.08,114.45,114.98,3346000,112.91,0.003315924,112.1478571,106.4138,RED
7/16/2019,2019,7,16,Tuesday,28,2019-28,115.33,115.49,114.04,114.76,3488200,112.69,-0.001913387,112.4364286,106.6674,RED
7/17/2019,2019,7,17,Wednesday,28,2019-28,114.81,115.17,114.2,114.6,2688500,112.53,-0.001394246,112.7535714,106.9102,RED
7/18/2019,2019,7,18,Thursday,28,2019-28,114.35,114.78,113.74,114.72,3224800,112.65,0.001047144,113.0835714,107.1786,RED
7/19/2019,2019,7,19,Friday,28,2019-28,115,115.31,113.86,113.9,3796300,111.85,-0.007147835,113.3271429,107.4506,RED
7/22/2019,2019,7,22,Monday,29,2019-29,114.1,114.34,112.32,112.82,4516900,110.79,-0.009482018,113.4842857,107.7162,RED
7/23/2019,2019,7,23,Tuesday,29,2019-29,113.12,113.2,111.57,112.09,5754200,110.07,-0.006470514,113.5192857,107.9198,RED
7/24/2019,2019,7,24,Wednesday,29,2019-29,112.03,112.79,111.57,112,4177300,109.98,-0.000802894,113.4964286,108.162,RED
7/25/2019,2019,7,25,Thursday,29,2019-29,112.18,112.39,111.66,112.22,3851500,110.2,0.001964297,113.5135714,108.4006,RED
7/26/2019,2019,7,26,Friday,29,2019-29,112.12,113.34,111.82,113.02,4729000,110.98,0.007128813,113.535,108.6634,RED
7/29/2019,2019,7,29,Monday,30,2019-30,112.84,112.98,111.76,112.27,3746600,110.25,-0.006635994,113.4914286,108.8826,RED
7/30/2019,2019,7,30,Tuesday,30,2019-30,112.06,112.4,111.67,112.06,3035200,110.04,-0.001870483,113.4257143,109.1066,RED
7/31/2019,2019,7,31,Wednesday,30,2019-30,111.91,112.34,109.63,110.38,6211300,108.39,-0.014991972,113.1728571,109.2838,RED
8/1/2019,2019,8,1,Thursday,30,2019-30,110.32,112.17,109.32,109.38,7455000,107.41,-0.009059612,112.8,109.449,RED
8/2/2019,2019,8,2,Friday,30,2019-30,109.74,110.14,108.15,109.4,5656700,107.43,0.000182888,112.4014286,109.5924,RED
8/5/2019,2019,8,5,Monday,31,2019-31,108,108,105.59,105.82,7570000,103.91,-0.032723965,111.7628571,109.6716,GREEN
8/6/2019,2019,8,6,Tuesday,31,2019-31,106.19,107.84,105.59,107.27,7016400,105.34,0.013702485,111.2392857,109.7636,GREEN
8/7/2019,2019,8,7,Wednesday,31,2019-31,107.02,108.64,105.92,108.2,7278500,106.25,0.008669715,110.7735714,109.8792,GREEN
8/8/2019,2019,8,8,Thursday,31,2019-31,108.01,108.84,107.77,108.52,4374400,107.09,0.002957483,110.3892857,110.0072,GREEN
8/9/2019,2019,8,9,Friday,31,2019-31,108.06,108.46,106.71,107.28,4193500,105.86,-0.011426446,109.9935714,110.109,GREEN
8/12/2019,2019,8,12,Monday,32,2019-32,106.72,106.84,104.84,105.22,5305000,103.83,-0.019202065,109.5028571,110.1846,GREEN
8/13/2019,2019,8,13,Tuesday,32,2019-32,105.25,108.11,104.85,107.41,6675300,105.99,0.020813557,109.175,110.2936,GREEN
8/14/2019,2019,8,14,Wednesday,32,2019-32,105.48,108.06,105.14,106.2,9312800,104.8,-0.011265307,108.745,110.3664,GREEN
8/15/2019,2019,8,15,Thursday,32,2019-32,112.53,113.64,110.16,112.69,19812900,111.2,0.061111165,108.7214286,110.5318,GREEN
8/16/2019,2019,8,16,Friday,32,2019-32,114.08,114.93,112.06,112.99,10965200,111.5,0.00266213,108.7728571,110.6894,GREEN
8/19/2019,2019,8,19,Monday,33,2019-33,114.35,114.78,113.6,113.81,7178100,112.31,0.007257277,108.8978571,110.8444,RED
8/20/2019,2019,8,20,Tuesday,33,2019-33,113.86,114.04,112.01,112.05,6112300,110.57,-0.015464323,109.0171429,110.935,RED
8/21/2019,2019,8,21,Wednesday,33,2019-33,113.98,114.07,111.88,112.02,8156400,110.54,-0.000267795,109.2057143,111.0166,RED
8/22/2019,2019,8,22,Thursday,33,2019-33,112.2,112.79,111.35,111.91,5995400,110.43,-0.000981905,109.385,111.0784,RED
8/23/2019,2019,8,23,Friday,33,2019-33,111.62,111.91,110.13,110.83,6236700,109.37,-0.009650628,109.7428571,111.122,RED
8/26/2019,2019,8,26,Monday,34,2019-34,111.56,112.27,111.22,111.99,5935700,110.51,0.010466444,110.08,111.1804,GREEN
8/27/2019,2019,8,27,Tuesday,34,2019-34,112.42,112.81,111.51,112.42,5733700,110.94,0.003839631,110.3814286,111.2456,GREEN
8/28/2019,2019,8,28,Wednesday,34,2019-34,112.28,113.08,111.68,112.72,5371000,111.23,0.002668592,110.6814286,111.307,GREEN
8/29/2019,2019,8,29,Thursday,34,2019-34,114.2,114.59,113.31,114.08,5270500,112.58,0.0120653,111.1671429,111.3962,GREEN
8/30/2019,2019,8,30,Friday,34,2019-34,115,115.38,113.9,114.26,5705300,112.75,0.001577843,111.8128571,111.475,GREEN
9/3/2019,2019,9,3,Tuesday,35,2019-35,113.68,115.31,113.49,114.64,5942700,113.13,0.003325724,112.3292857,111.5452,RED
9/4/2019,2019,9,4,Wednesday,35,2019-35,115.69,115.96,114.82,115.91,5782900,114.38,0.011078195,113.0228571,111.6386,RED
9/5/2019,2019,9,5,Thursday,35,2019-35,117.67,117.96,115.27,115.44,5826400,113.92,-0.004054881,113.2192857,111.733,RED
9/6/2019,2019,9,6,Friday,35,2019-35,115.44,115.75,114.62,114.73,4346400,113.22,-0.006150373,113.3435714,111.8244,RED
9/9/2019,2019,9,9,Monday,36,2019-36,114.5,116.61,114.4,116.33,5973700,114.8,0.013945772,113.5235714,111.949,RED
9/10/2019,2019,9,10,Tuesday,36,2019-36,115.99,116.96,115.48,116.05,4857400,114.52,-0.002406935,113.8092857,112.0602,RED
9/11/2019,2019,9,11,Wednesday,36,2019-36,116,116.7,115.22,116.02,5284100,114.49,-0.000258564,114.095,112.1682,RED
9/12/2019,2019,9,12,Thursday,36,2019-36,116.65,117.07,115.9,116.92,4474300,115.38,0.007757297,114.4528571,112.2746,RED
9/13/2019,2019,9,13,Friday,36,2019-36,117.16,118.19,116.95,117.43,5638600,115.88,0.004361975,114.9242857,112.3768,RED
9/16/2019,2019,9,16,Monday,37,2019-37,116.54,117.17,115.38,115.57,6090300,114.05,-0.015839229,115.18,112.4486,GREEN
9/17/2019,2019,9,17,Tuesday,37,2019-37,115.32,116.69,115.25,116.51,4604500,114.97,0.00813362,115.4721429,112.5244,GREEN
9/18/2019,2019,9,18,Wednesday,37,2019-37,116.91,117.23,116.18,117.16,3956000,115.61,0.005578933,115.7892857,112.61,GREEN
9/19/2019,2019,9,19,Thursday,37,2019-37,117.4,117.81,116.77,117.11,3380600,115.57,-0.000426793,116.0057143,112.6926,GREEN
9/20/2019,2019,9,20,Friday,37,2019-37,117.35,117.64,116.8,116.98,11332400,115.44,-0.001110044,116.2,112.7538,GREEN
9/23/2019,2019,9,23,Monday,38,2019-38,116.61,118.41,116.56,117.62,5162500,116.07,0.005471015,116.4128571,112.8142,GREEN
9/24/2019,2019,9,24,Tuesday,38,2019-38,118.25,119.86,118.01,118.4,7273100,116.84,0.006631515,116.5907143,112.8826,GREEN
9/25/2019,2019,9,25,Wednesday,38,2019-38,118.47,118.72,117.81,118.47,4613600,116.91,0.000591214,116.8071429,112.9568,GREEN
9/26/2019,2019,9,26,Thursday,38,2019-38,118.8,119.55,118.19,118.3,3986900,116.74,-0.001434947,117.0621429,113.0308,GREEN
9/27/2019,2019,9,27,Friday,38,2019-38,119.21,119.23,117.75,118.45,3434700,116.89,0.001267911,117.2135714,113.1054,GREEN
9/30/2019,2019,9,30,Monday,39,2019-39,118.67,119.44,118.56,118.68,3401400,117.11,0.001941776,117.4014286,113.201,RED
10/1/2019,2019,10,1,Tuesday,39,2019-39,118.85,119.11,117.72,117.85,3729300,116.3,-0.006993612,117.5321429,113.3016,RED
10/2/2019,2019,10,2,Wednesday,39,2019-39,117.4,117.55,115.61,116.12,5944500,114.59,-0.014679641,117.475,113.3822,RED
10/3/2019,2019,10,3,Thursday,39,2019-39,115.88,116.8,114.58,116.31,5206500,114.78,0.001636194,117.395,113.4684,RED
10/4/2019,2019,10,4,Friday,39,2019-39,116.4,118.3,116.19,118.16,4627000,116.6,0.015905822,117.58,113.5872,RED
10/7/2019,2019,10,7,Monday,40,2019-40,118.1,118.3,116.88,117.23,4695000,115.68,-0.007870686,117.6314286,113.6714,GREEN
10/8/2019,2019,10,8,Tuesday,40,2019-40,116.81,118.67,116.66,117.58,5125100,116.03,0.002985571,117.6614286,113.7776,GREEN
10/9/2019,2019,10,9,Wednesday,40,2019-40,118.18,119.3,118.02,118.93,3903400,117.36,0.011481531,117.7914286,113.915,GREEN
10/10/2019,2019,10,10,Thursday,40,2019-40,118.9,119.88,118.6,119.61,4341500,118.03,0.005717652,117.9792857,114.0996,GREEN
10/11/2019,2019,10,11,Friday,40,2019-40,119.92,120.71,118.72,120.24,6127900,118.65,0.005267095,118.1664286,114.3168,GREEN
10/14/2019,2019,10,14,Monday,41,2019-41,119.85,120.46,119.1,119.17,4573300,117.6,-0.008898867,118.2214286,114.5122,RED
10/15/2019,2019,10,15,Tuesday,41,2019-41,119.33,119.99,118.87,119.53,4516700,117.95,0.0030209,118.2971429,114.7864,RED
10/16/2019,2019,10,16,Wednesday,41,2019-41,119.31,120.11,119.1,119.42,3781600,117.84,-0.000920276,118.3771429,115.0294,RED
10/17/2019,2019,10,17,Thursday,41,2019-41,119.67,120.25,119.36,119.84,3910900,118.26,0.003516984,118.4764286,115.2622,RED
10/18/2019,2019,10,18,Friday,41,2019-41,120.45,120.6,119.13,119.14,5592300,117.57,-0.005841096,118.5092857,115.4746,RED
10/21/2019,2019,10,21,Monday,42,2019-42,119.3,119.83,118.82,119.74,3410100,118.16,0.005036079,118.6442857,115.7238,RED
10/22/2019,2019,10,22,Tuesday,42,2019-42,119.75,120.17,119.39,119.58,2544700,118,-0.001336195,118.8914286,116.011,RED
10/23/2019,2019,10,23,Wednesday,42,2019-42,119.17,119.85,118.69,119.35,2840000,117.78,-0.001923427,119.1085714,116.2498,RED
10/24/2019,2019,10,24,Thursday,42,2019-42,119.15,119.57,118.51,119.1,2900300,117.53,-0.00209468,119.1757143,116.5078,RED
10/25/2019,2019,10,25,Friday,42,2019-42,119,119.33,118.2,119.04,2564100,117.47,-0.000503758,119.305,116.6348,RED
10/28/2019,2019,10,28,Monday,43,2019-43,119.25,119.7,118.53,119.22,3404300,117.65,0.001512099,119.4221429,116.7594,RED
10/29/2019,2019,10,29,Tuesday,43,2019-43,118.5,118.73,117.08,117.15,4791100,115.6,-0.017362856,119.295,116.8262,RED
10/30/2019,2019,10,30,Wednesday,43,2019-43,117.18,118.37,117.05,118.1,2996000,116.54,0.008109235,119.1871429,116.9472,RED
10/31/2019,2019,10,31,Thursday,43,2019-43,117.93,118.28,116.83,117.26,4881300,115.71,-0.007112586,118.9742857,117.052,RED
11/1/2019,2019,11,1,Friday,43,2019-43,117.92,117.97,117.23,117.62,3762600,116.07,0.003070106,118.8635714,117.1662,RED
11/4/2019,2019,11,4,Monday,44,2019-44,118.4,119.11,117.17,117.57,4646000,116.02,-0.000425124,118.7235714,117.301,GREEN
11/5/2019,2019,11,5,Tuesday,44,2019-44,117.68,119.14,117.08,118.86,4217100,117.29,0.010972195,118.6835714,117.4384,GREEN
11/6/2019,2019,11,6,Wednesday,44,2019-44,118.83,119.62,118.71,119.5,3614400,117.92,0.005384481,118.6592857,117.58,GREEN
11/7/2019,2019,11,7,Thursday,44,2019-44,120,120.92,119.54,120.23,4441400,118.64,0.006108815,118.7371429,117.7302,GREEN
11/8/2019,2019,11,8,Friday,44,2019-44,120.31,120.88,118.94,119.44,3832700,117.86,-0.006570747,118.7157143,117.8374,GREEN
11/11/2019,2019,11,11,Monday,45,2019-45,118.7,119.63,118.28,119.04,4439000,117.47,-0.003348975,118.6771429,117.933,GREEN
11/12/2019,2019,11,12,Tuesday,45,2019-45,119.6,120,118.81,119.12,5063100,117.55,0.000672058,118.6607143,118.0226,GREEN
11/13/2019,2019,11,13,Wednesday,45,2019-45,119.16,121.36,118.66,120.98,7711800,119.38,0.015614511,118.795,118.124,GREEN
11/14/2019,2019,11,14,Thursday,45,2019-45,124.6,125.38,119.51,120.65,22504200,119.06,-0.002727739,118.91,118.2282,GREEN
11/15/2019,2019,11,15,Friday,45,2019-45,120.68,121,118.38,118.87,10137700,117.3,-0.014753409,118.885,118.311,GREEN
11/18/2019,2019,11,18,Monday,46,2019-46,118.45,120.87,118.24,120.25,6548000,118.66,0.011609298,119.1064286,118.3894,RED
11/19/2019,2019,11,19,Tuesday,46,2019-46,120.11,120.36,119.71,119.89,3715400,118.31,-0.002993768,119.2342857,118.4662,RED
11/20/2019,2019,11,20,Wednesday,46,2019-46,120.21,120.48,118.4,119.13,5075900,117.56,-0.006339162,119.3678571,118.5284,RED
11/21/2019,2019,11,21,Thursday,46,2019-46,118.83,120,118.67,119.86,4302400,118.28,0.006127788,119.5278571,118.5872,RED
11/22/2019,2019,11,22,Friday,46,2019-46,120.15,120.3,119.27,119.36,3843100,117.79,-0.004171533,119.6557143,118.6258,RED
11/25/2019,2019,11,25,Monday,47,2019-47,120,120.02,117.9,118.92,5881500,117.35,-0.003686348,119.66,118.6928,RED
11/26/2019,2019,11,26,Tuesday,47,2019-47,118.96,119.3,118.45,119.19,6292500,117.62,0.00227047,119.6378571,118.7464,RED
11/27/2019,2019,11,27,Wednesday,47,2019-47,119.39,119.8,118.73,118.76,3434100,117.19,-0.003607688,119.5328571,118.7784,RED
11/29/2019,2019,11,29,Friday,47,2019-47,119.14,119.97,119,119.09,3157300,117.52,0.002778664,119.5078571,118.818,RED
12/2/2019,2019,12,2,Monday,48,2019-48,119.15,119.38,117.84,119.28,5670900,117.71,0.001595453,119.525,118.864,RED
12/3/2019,2019,12,3,Tuesday,48,2019-48,118.4,118.96,117.77,118.67,6594800,117.1,-0.005114023,119.4928571,118.885,RED
12/4/2019,2019,12,4,Wednesday,48,2019-48,119.12,119.2,118.3,118.69,5556600,117.12,0.000168571,119.3292857,118.8908,RED
12/5/2019,2019,12,5,Thursday,48,2019-48,118.36,118.78,117.42,118.66,4352800,117.62,-0.000252749,119.1871429,118.8946,RED
12/6/2019,2019,12,6,Friday,48,2019-48,119.08,119.8,118.92,119.78,4340800,118.73,0.009438691,119.2521429,118.9242,RED
12/9/2019,2019,12,9,Monday,49,2019-49,119.57,119.86,119.18,119.36,4816000,118.31,-0.003506413,119.1885714,118.9424,RED
12/10/2019,2019,12,10,Tuesday,49,2019-49,119.35,119.56,119.02,119.14,4282300,118.1,-0.001843174,119.135,118.9516,RED
12/11/2019,2019,12,11,Wednesday,49,2019-49,119.4,119.65,118.53,119,3506400,117.96,-0.001175083,119.1257143,118.9746,RED
12/12/2019,2019,12,12,Thursday,49,2019-49,119,120.11,118.68,119.76,4149000,118.71,0.006386573,119.1185714,119.0474,RED
12/13/2019,2019,12,13,Friday,49,2019-49,119.16,120.65,119.02,120.29,5366300,119.24,0.004425507,119.185,119.127,RED
12/16/2019,2019,12,16,Monday,50,2019-50,120.42,121.35,120.42,120.54,5350700,119.48,0.002078311,119.3007143,119.1746,RED
12/17/2019,2019,12,17,Tuesday,50,2019-50,120.95,121.7,120.7,121.28,4575800,120.22,0.006139023,119.45,119.2556,RED
12/18/2019,2019,12,18,Wednesday,50,2019-50,121.51,121.68,119.84,119.86,5103000,118.81,-0.011708428,119.5285714,119.3012,RED
12/19/2019,2019,12,19,Thursday,50,2019-50,119.94,120.51,119.78,120.08,4464100,119.03,0.001835485,119.5992857,119.3242,RED
12/20/2019,2019,12,20,Friday,50,2019-50,121.48,122.12,120.02,120.29,7954400,119.24,0.001748826,119.6714286,119.3378,RED
12/23/2019,2019,12,23,Monday,51,2019-51,120.2,120.69,119.01,119.03,4485800,117.99,-0.010474704,119.6971429,119.3136,GREEN
12/24/2019,2019,12,24,Tuesday,51,2019-51,119.13,119.6,119.01,119.51,2227400,118.46,0.004032625,119.7557143,119.3204,GREEN
12/26/2019,2019,12,26,Thursday,51,2019-51,119.61,119.85,118.95,119.52,4223800,118.47,8.36E-05,119.8171429,119.3202,GREEN
12/27/2019,2019,12,27,Friday,51,2019-51,119.94,119.94,119.25,119.59,3544000,118.54,0.000585674,119.8035714,119.3236,GREEN
12/30/2019,2019,12,30,Monday,52,2019-52,119.8,119.81,119.13,119.4,2945800,118.35,-0.001588718,119.8064286,119.3148,RED
12/31/2019,2019,12,31,Tuesday,52,2019-52,119.5,119.8,118.19,118.84,4912000,117.8,-0.004690161,119.785,119.3088,RED
